{
  "performance": {
    "data_loading_time": 0.009322881698608398,
    "algorithm_time": 0.0031280517578125
  },
  "validation": {
    "total_employees": 10,
    "errors": [],
    "warnings": [],
    "validation_time": 0.002599954605102539
  },
  "timestamp": "20251108_164743",
  "challenge_level": "NIVEL_1_MVP"
}