{
  "performance": {
    "data_loading_time": 0.005138397216796875,
    "algorithm_time": 0.006799936294555664
  },
  "validation": {
    "total_employees": 10,
    "errors": [],
    "warnings": [],
    "validation_time": 0.0011196136474609375
  },
  "timestamp": "20251108_191603",
  "challenge_level": "NIVEL_1_MVP"
}