{
  "performance": {
    "data_loading_time": 0.007699012756347656,
    "algorithm_time": 0.0031709671020507812
  },
  "validation": {
    "total_employees": 10,
    "errors": [],
    "warnings": [],
    "validation_time": 0.001538991928100586
  },
  "timestamp": "20251108_184826",
  "challenge_level": "NIVEL_1_MVP"
}