{
  "performance": {
    "data_loading_time": 0.008288860321044922,
    "algorithm_time": 0.003215789794921875
  },
  "validation": {
    "total_employees": 10,
    "errors": [],
    "warnings": [],
    "validation_time": 0.001947164535522461
  },
  "timestamp": "20251108_200724",
  "challenge_level": "NIVEL_1_MVP"
}