{
  "performance": {
    "data_loading_time": 0.005007505416870117,
    "algorithm_time": 0.00718379020690918
  },
  "validation": {
    "total_employees": 10,
    "errors": [],
    "warnings": [],
    "validation_time": 0.001107931137084961
  },
  "timestamp": "20251108_192212",
  "challenge_level": "NIVEL_1_MVP"
}