{
  "performance": {
    "data_loading_time": 0.008359909057617188,
    "algorithm_time": 0.003789186477661133
  },
  "validation": {
    "total_employees": 10,
    "errors": [],
    "warnings": [],
    "validation_time": 0.001566171646118164
  },
  "timestamp": "20251108_201618",
  "challenge_level": "NIVEL_1_MVP"
}