{
  "performance": {
    "data_loading_time": 0.004296064376831055,
    "algorithm_time": 0.0028748512268066406
  },
  "validation": {
    "total_employees": 10,
    "errors": [],
    "warnings": [],
    "validation_time": 0.0004069805145263672
  },
  "timestamp": "20251108_173238",
  "challenge_level": "NIVEL_1_MVP"
}