{
  "performance": {
    "data_loading_time": 0.0041959285736083984,
    "algorithm_time": 0.0035431385040283203
  },
  "validation": {
    "total_employees": 10,
    "errors": [],
    "warnings": [],
    "validation_time": 0.00041294097900390625
  },
  "timestamp": "20251108_195043",
  "challenge_level": "NIVEL_1_MVP"
}