{
  "performance": {
    "data_loading_time": 0.0033872127532958984,
    "algorithm_time": 0.00333404541015625
  },
  "validation": {
    "total_employees": 10,
    "errors": [],
    "warnings": [],
    "validation_time": 0.0003769397735595703
  },
  "timestamp": "20251108_201507",
  "challenge_level": "NIVEL_1_MVP"
}