{
  "performance": {
    "data_loading_time": 0.009662866592407227,
    "algorithm_time": 0.0027000904083251953
  },
  "validation": {
    "total_employees": 10,
    "errors": [],
    "warnings": [],
    "validation_time": 0.002758026123046875
  },
  "timestamp": "20251108_161747",
  "challenge_level": "NIVEL_1_MVP"
}