{
  "performance": {
    "data_loading_time": 0.010174989700317383,
    "algorithm_time": 0.0017747879028320312
  },
  "validation": {
    "total_employees": 10,
    "errors": [],
    "warnings": [],
    "validation_time": 0.0020401477813720703
  },
  "timestamp": "20251108_161240",
  "challenge_level": "NIVEL_1_MVP"
}