{
  "performance": {
    "data_loading_time": 0.007708072662353516,
    "algorithm_time": 0.0025110244750976562
  },
  "validation": {
    "total_employees": 10,
    "errors": [],
    "warnings": [],
    "validation_time": 0.0015559196472167969
  },
  "timestamp": "20251108_162132",
  "challenge_level": "NIVEL_1_MVP"
}