{
  "performance": {
    "data_loading_time": 0.0035791397094726562,
    "algorithm_time": 0.0015399456024169922
  },
  "validation": {
    "total_employees": 10,
    "errors": [],
    "warnings": [],
    "validation_time": 0.00039505958557128906
  },
  "timestamp": "20251108_161249",
  "challenge_level": "NIVEL_1_MVP"
}